N,p
56033,137
69599,79
43727,73
49769,157
92447,193
60227,229
5893,71
48233,139
55877,71
66679,131
81721,71
91093,71
83971,131
98381,131
90637,233
42739,79
67027,97
54071,139
44929,179
82333,281
70831,193
55963,191
82111,157
85759,191
82937,197
38411,71
73319,157
42431,151
86651,73
42059,137
95687,103
87361,199
39037,103
78937,193
76861,101
86237,83
87611,79
85181,103
70247,199
88163,131
79487,101
85499,193
56977,227
60499,101
56653,181
71609,101
77437,211
99941,139
54827,109
49949,199
66127,89
39427,89
29329,139
47689,103
89377,139
14873,107
68707,127
13861,83
53399,67
54239,73
80791,173
22331,137
61247,73
14507,89
13439,89
27451,97
53957,79
25159,139
24287,149
77423,139
91699,107
62809,107
11639,103
98201,283
70787,71
69871,107
32881,131
77173,229
15481,113
62059,229
38789,79
90479,173
23533,101
43139,179
67423,191
51917,193
81859,109
45401,83
40097,101
39131,109
27473,83
66659,191
74813,79
38579,173
50621,223
54707,227
11591,67
31243,157
81539,67
30193,109
69869,109
91051,83
96247,109
83849,191
21971,127
52961,211
86419,89
48683,89
83683,67
72697,139
64751,73
63221,191
16147,67
63047,67
96641,241
41693,173
72781,73
26623,79
88453,197
58483,233
54289,233
96113,223
52771,113
88399,109
57403,137
17009,73
18023,67
98699,229
40673,89
17617,79
88013,283
6319,71
35041,67
96433,73
52621,101
58519,139
92881,293
92231,149
87007,167
47077,179
80183,181
11147,71
69131,73
62831,83
87707,229
73373,239
33283,83
69613,67
11449,107
83659,269
68083,103
11573,71
57721,197
8989,89
62779,67
92441,97
70739,127
80203,139
43621,181
28103,157
85409,223
87259,71
41311,109
30587,73
8051,83
86347,79
49601,193
60653,131
84803,137
64241,227
85069,97
84251,173
58241,139
83159,137
44767,89
25777,149
80411,191
10807,101
98071,101
68461,223
80057,223
29503,163
85271,71
21473,109
70933,89
39973,71
37523,157
84817,89
75281,83
22499,149
70283,67
48173,67
31099,137
93659,73
71173,103
5329,73
77603,71
73793,109
88733,89
40741,131
53303,151
18407,79
22579,67
37399,149
58607,103
81803,179
74447,109
80497,101
43363,103
92341,107
59783,191
38477,109
43229,139
83569,193
41989,199
74329,239
40067,103
96253,101
99353,73
79913,157
25489,71
60713,109
19951,71
11009,101
43733,101
20971,67
16109,89
76309,137
95281,151
35417,107
97057,71
73097,67
41291,157
97541,103
55969,97
52337,199
73543,251
96839,179
88181,109
56341,103
71189,257
32311,79
69367,71
48427,79
77131,137
90347,167
55031,113
91829,229
15209,67
16459,109
48133,127
58339,227
75137,227
66229,103
46637,149
14527,73
78061,251
88357,149
63923,97
75469,163
53311,89
65347,101
6497,73
10721,71
99299,109
44153,67
81941,67
80219,97
38429,83
51923,137
17711,89
50249,109
84769,103
49319,149
85907,271
56191,83
61889,199
44717,97
59881,233
82427,139
96287,73
25481,83
67667,157
98489,149
11461,73
94957,269
83507,113
62521,103
69053,199
97193,83
69973,167
18961,67
12707,97
43921,167
81797,157
95593,109
91687,277
50819,89
56213,67
67253,109
64681,71
20659,73
79831,97
34207,79
86563,107
27193,71
22657,139
91661,71
80419,137
32897,67
65459,67
39187,149
75421,199
42607,137
91313,127
91363,211
29353,149
55567,181
42001,97
43361,131
42149,113
49849,79
99691,131
97277,89
63449,67
95477,307
96133,251
52243,89
9017,71
77321,167
69689,227
40003,109
74117,137
28783,107
14279,109
41417,83
36079,109
94739,211
27913,103
61811,113
91207,223
44311,73
71531,233
84043,229
90941,211
40363,181
32651,103
61913,101
96049,139
31457,83
93829,101
26123,151
45457,131
93781,191
43039,193
90221,83
65509,109
35611,149
88841,73
82751,83
52373,83
21271,89
54953,179
73231,67
77837,277
45649,191
39337,139
30601,71
84373,139
54053,191
26867,67
72847,97
76451,89
38911,167
22991,83
90949,103
54883,71
9301,71
88871,181
40501,101
18203,109
45743,149
96983,293
48149,89
62729,149
90283,137
95299,157
85763,139
78409,89
81589,83
21239,67
10349,79
58103,97
24341,101
80957,73
26827,139
64213,157
19291,101
71371,149
34189,179
84739,101
28361,79
39601,199
31613,101
13561,71
66511,227
40921,151
63269,151
40267,67
72343,73
67513,181
32111,163
47479,79
70801,101
89423,223
33731,89
69353,223
55091,89
39911,107
77771,83
57181,211
57371,103
35599,97
18209,131
10873,83
56863,101
46883,173
72203,103
91933,149
71989,193
70751,139
83947,127
98587,311
5963,67
52531,131
40301,191
62759,97
43289,73
24569,79
44911,97
51173,73
31879,71
12533,83
61697,103
31877,127
99037,97
18923,127
23701,137
50279,137
64021,73
12931,67
16637,127
98503,137
60377,173
47561,199
39497,127
11857,71
94429,89
65081,151
96511,103
72209,163
68599,181
54209,151
20203,89
65591,107
69007,151
91759,89
29011,67
38473,79
7081,73
84611,211
25511,97
91859,97
61037,67
22601,97
46961,151
28583,101
81079,89
36481,191
83819,79
60941,149
23711,131
82741,97
24163,73
43489,157
19631,67
66503,73
76217,199
22261,113
75749,211
68093,149
12317,109
16867,101
45047,107
73211,179
27641,131
41807,97
93019,167
37157,73
36863,191
78739,71
20453,113
46843,139
78667,97
54391,109
66559,101
25769,73
12371,89
5183,71
88367,97
21353,131
52397,151
62287,199
88687,131
36247,67
35501,131
79927,257
28363,113
90119,227
35843,73
41273,149
36437,83
90929,79
52777,89
78053,89
54823,73
88931,113
71273,263
79207,103
53203,83
75043,101
86363,67
55739,139
5609,71
40913,163
64703,89
88973,193
72967,131
15811,97
61513,137
33947,83
45889,109
87709,139
47071,103
57263,173
73391,79
75433,241
93437,223
85849,293
79073,107
96127,97
87713,239
90521,131
14089,73
53111,173
63731,101
84529,137
40967,71
19897,101
65783,157
39737,79
69793,71
45629,103
83887,149
43763,107
85457,97
44831,127
6767,67
97091,79
52597,149
84107,151
98333,107
7663,79
24727,79
88201,193
98051,71
25877,113
46927,167
68177,79
85573,83
49141,157
45217,103
84257,109
46463,97
71623,67
58547,127
87401,71
94301,181
43097,71
61573,67
83081,251
73313,167
69373,173
9563,73
64079,139
61069,173
49883,83
84923,163
67817,73
41537,73
87127,151
60491,241
52471,137
90589,157
23323,83
91709,293
39731,67
81709,101
25273,127
99301,199
33667,131
12797,67
96413,67
85979,127
42103,71
89027,127
60691,137
11929,79
91087,79
72263,127
41029,89
24797,137
62173,79
90557,137
79619,103
96139,127
35773,83
91271,107
67799,151
16717,73
17933,79
44581,109
42319,101
29149,103
57553,67
79771,241
48379,101
29779,97
50381,83
7571,67
40723,193
31571,131
76693,271
42127,103
89707,109
48827,157
47371,127
58853,229
27221,163
71219,229
96389,113
74939,137
70723,197
68779,109
20099,101
62471,179
88199,89
67159,239
21251,79
36853,137
53033,181
47393,83
38293,149
65693,179
57581,71
68983,101
82169,127
93413,109
68693,73
28667,109
64943,101
14351,113
49583,179
67519,251
76319,167
19837,83
31309,131
96673,277
37771,107
23381,103
73429,97
97343,311
47197,109
52477,97
69287,193
44117,157
68359,197
20003,83
23707,151
52447,179
14381,73
57067,149
61777,163
38807,151
18511,107
48709,67
99779,113
60769,67
65939,233
59329,79
6059,73
17621,67
70727,107
93773,79
63797,131
74621,71
99067,157
89099,139
74023,79
82879,67
80033,163
14453,97
18157,67
9409,97
73657,73
71759,73
26989,137
24289,107
96659,163
91417,113
68641,83
23999,103
77989,167
63139,103
54737,127
67297,173
60341,83
29593,101
26269,109
84863,113
34009,71
32689,97
98029,167
58951,167
61273,71
59309,127
79463,229
12851,71
34967,73
76151,271
40633,179
97963,163
17947,131
62239,109
32047,73
62333,83
58283,167
72329,151
52211,109
95321,199
55961,107
44743,101
40661,73
35939,83
54599,71
16781,97
72619,101
29737,131
28397,73
51409,101
64979,181
43429,137
33853,97
74057,103
63571,151
26563,101
82079,211
59713,211
75359,179
57311,223
42869,163
11413,101
60131,157
37319,67
47083,197
14647,97
19637,73
94681,73
41449,181
67693,139
9797,97
87889,179
95141,89
86329,131
88637,151
94883,239
83527,101
24991,67
70043,89
84577,83
80357,107
70073,79
78943,89
75349,151
50657,179
8611,79
16351,83
12827,101
33259,79
92087,71
27169,101
44243,151
20467,97
60031,173
94663,181
53237,139
35179,127
80573,197
84233,131
93799,97
66757,241
64829,241
90581,239
96037,137
81091,83
16013,67
58181,73
42919,167
75203,157
29539,109
94937,139
65201,113
39493,73
91123,293
34571,181
99553,113
82871,79
84907,197
98569,241
10541,83
18247,71
41317,79
24047,139
46537,173
71779,179
88229,83
44329,97
71677,229
37073,131
78313,71
86153,101
94361,127
10379,97
58447,211
71243,191
86941,227
14981,71
53461,193
11021,103
54619,193
30887,67
70361,71
78671,151
66641,103
68557,179
34579,151
67841,179
63187,179
60883,107
23501,71
25573,107
65207,197
41567,197
77123,233
35741,103
86123,71
67087,73
61093,199
43507,139
82337,137
36581,157
32239,103
58301,173
34717,149
10201,101
89143,97
24523,137
77927,149
72311,167
47573,113
90037,179
98069,281
88507,67
64313,73
52907,191
33491,107
42781,179
74951,241
78581,179
25043,79
17111,71
96023,131
34387,137
99413,89
5767,73
77971,103
15151,109
61289,167
54557,89
47321,79
46729,83
19367,107
50879,83
22927,101
30397,113
92773,113
99629,67
75199,139
67063,199
76117,103
58759,67
90751,151
90113,97
43739,191
50317,67
72377,157
31679,79
10573,97
87053,263
42583,97
60799,163
95663,271
40669,67
81253,193
44923,167
80519,73
86033,227
74387,73
97637,163
78587,89
47813,137
64643,127
55193,97
88183,163
48721,83
63619,113
76277,83
36089,151
56261,127
50173,131
9991,97
79297,179
25019,127
43931,197
74483,211
52303,193
98603,151
27403,67
49087,191
54023,89
32849,107
19781,131
47867,151
76529,103
50443,73
82319,263
64307,107
91327,271
35821,113
58879,97
22987,127
41869,149
25477,73
57229,151
28997,107
96029,109
24961,109
91187,67
99821,173
86881,283
31609,73
22507,71
18437,103
46367,199
56137,73
73147,193
59503,157
56549,193
72389,191
72001,89
89039,269
56257,101
68297,163
60547,191
89701,271
18673,71
9701,89
23587,103
95357,167
39329,67
80501,79
46217,113
29299,83
9869,71
66233,107
92501,233
90109,251
84899,73
94579,271
77887,71
76633,197
38359,89
30067,107
30551,137
82681,89
47347,113
64291,239
59953,167
70517,151
71303,113
68591,113
17441,107
75311,127
67259,103
97667,101
94051,163
16969,71
86221,151
31453,71
91877,79
57049,89
81691,151
99167,131
61337,83
76987,167
31351,107
98783,173
44461,173
36427,73
62609,137
94021,167
78103,83
42593,191
96709,97
74549,127
53579,131
86663,79
19177,127
80987,109
51379,191
41099,73
10579,71
28891,167
88981,101
87301,67
90043,127
97249,79
85273,269
61771,223
91643,113
42971,97
21823,139
98303,197
67267,137
16019,83
51377,83
53869,103
66527,71
61177,131
94043,157
56153,233
67147,83
79993,167
16543,71
82919,283
20291,103
92563,151
40081,149
48287,109
67357,193
90553,83
30049,151
79091,139
72731,257
57821,67
32033,103
34553,109
98171,127
55261,73
73901,67
18841,83
91111,179
57677,137
54793,157
32017,101
65869,199
59909,139
53489,89
75841,149
11659,89
59057,73
55483,113
21389,73
74663,197
76393,79
69283,79
31459,163
45041,73
72217,257
29941,79
35333,89
57961,149
14941,67
83981,137
87859,103
42907,107
64523,113
40141,137
89711,283
85301,197
51809,103
62243,67
98863,109
65057,67
72929,233
86909,233
90743,103
22339,89
23651,67
34117,109
26857,107
20227,113
65623,137
27371,101
16117,71
39961,89
22357,79
32731,71
37841,79
65893,131
98767,283
96913,199
33823,149
64357,139
98723,269
47627,97
63169,181
92011,101
74351,149
45349,101
48899,107
78971,157
14359,83
38413,107
73069,89
38257,67
54889,131
62561,73
98437,173
38771,137
93631,109
94217,71
26093,97
97693,211
25187,89
29039,71
51641,113
83309,227
41003,131
72179,89
50903,109
70253,163
65491,79
50797,79
50693,163
16817,67
84079,83
87019,173
73603,89
18559,67
76709,79
71087,67
29891,71
12191,73
51353,89
86873,109
82321,191
14933,109
96521,263
64367,191
12091,107
85873,79
93091,127
62269,73
47053,211
37129,107
89351,199
15229,97
61759,151
42881,137
77953,137
80467,67
49327,107
98167,89
85559,67
79109,239
57671,101
58529,107
74881,103
34933,181
14141,79
20837,67
50137,181
41347,173
19199,73
90133,173
66971,193
75847,73
91337,149
98671,79
8383,83
43343,89
92513,71
34907,67
74593,97
57907,79
74671,89
92797,71
59251,193
23941,89
78289,79
63109,223
23383,67
76577,73
83327,103
74299,191
79223,227
76621,193
76859,151
66203,239
96647,127
59749,149
63883,193
58561,157
24823,103
53293,137
39203,197
65339,223
88889,103
83539,139
95309,191
71063,179
64397,71
38537,89
84109,241
68623,163
37721,67
95041,101
69721,113
80027,79
92509,79
38041,109
31831,139
45719,131
10961,97
99193,281
48613,173
83261,139
67861,79
40981,107
48361,137
43279,113
34241,97
29681,67
61079,103
19939,127
38683,101
87233,83
77827,223
87173,179
33017,137
52219,79
50573,103
91519,71
81841,223
71657,131
56939,97
52109,107
52271,167
28829,127
41087,181
62389,89
86899,67
93883,223
98521,83
57989,103
41891,163
78391,277
99791,73
93881,269
67913,113
91261,263
38509,97
60479,197
78973,151
66163,109
75473,71
79307,71
80593,83
43553,97
58081,241
81269,181
51223,181
66251,97
84671,227
46517,181
35047,101
35723,139
54841,173
60187,139
29413,67
56291,181
36769,83
7387,83
99019,83
72833,173
89191,79
88157,199
91043,181
38497,137
98701,89
54991,127
13703,71
84527,181
95677,241
47401,107
88303,227
22969,103
78703,211
54683,149
41527,131
26057,71
35909,149
63407,163
32437,163
73903,263
97627,233
95827,79
71297,83
62551,71
62429,163
35471,79
90131,193
91769,163
29893,167
54697,83
90809,71
43957,113
68753,197
80137,127
98261,97
58637,191
58291,71
69569,73
93209,83
19829,79
30227,167
49513,67
28073,67
34417,127
87097,251
64349,229
66281,79
25393,67
73981,167
94267,107
23141,73
72659,113
31979,113
91991,67
49163,211
36719,73
37823,109
89647,157
6901,67
59431,103
88307,233
76933,107
98291,227
58517,163
71651,137
99007,181
33197,89
64261,179
23407,89
90721,257
53531,199
98023,83
24637,71
91537,239
47483,103
78613,127
19549,113
56323,151
61823,211
75319,109
11189,67
73769,71
83711,97
30967,173
82967,163
45511,71
54611,97
87817,137
88051,191
36031,137
60563,71
97633,89
44393,103
6557,79
56363,157
69211,67
97219,191
47897,211
52681,139
90449,151
41471,113
48931,167
58847,83
41827,151
55277,167
44063,139
78769,227
24613,151
28981,73
82931,127
57949,167
93017,191
92839,263
36733,109
76127,269
25199,113
54227,211
57377,181
65771,89
94363,197
54463,107
13973,89
38837,71
38383,131
35429,71
99601,103
79243,109
39289,101
69841,211
42631,89
77281,109
97333,131
82933,239
82283,107
18419,113
53747,71
22327,83
84943,173
50467,109
88447,241
64807,229
26671,149
48043,107
90319,181
86777,107
46763,101
89239,233
52939,167
49901,139
72433,113
74227,199
8927,79
15857,101
85067,257
57007,109
28213,89
68801,107
97271,211
41309,101
66049,257
88579,283
29083,127
10823,79
18721,97
35657,181
44969,193
52043,71
53083,109
79753,173
19321,139
60461,103
22213,97
92047,83
56461,131
55747,107
88603,251
90791,163
66887,211
5561,67
80851,233
9523,89
74909,173
36391,151
34621,89
55751,197
87757,127
92879,131
31289,67
23843,113
75643,67
51101,137
50299,179
47239,97
30523,131
31753,113
81989,163
56159,89
59599,107
26797,127
60023,193
76339,97
73201,71
25807,131
83333,167
7957,73
64949,107
87449,157
58117,89
32447,71
95743,67
80371,179
94357,157
99511,191
59821,163
81247,113
40657,109
69791,101
39437,113
82921,101
56789,109
8023,71
43531,101
67603,67
95807,149
8453,79
73753,131
80081,73
87349,113
73289,83
62431,149
73427,101
89543,151
5293,67
99509,151
15023,83
50339,71
89321,179
19241,71
90301,73
59569,71
82597,151
11023,73
94403,67
5041,71
74479,71
61067,79
77149,179
61133,113
17363,97
76501,113
81911,101
77251,67
31439,149
53947,73
66719,137
60253,89
68689,149
43873,73
63551,103
59933,73
65861,67
22703,73
59803,79
61903,103
87809,277
77177,71
41339,67
81661,127
95297,233
93649,71
86483,197
73481,197
82829,113
79517,131
67517,107
28187,71
93421,103
75899,71
77057,251
53483,79
17653,127
13261,89
43949,71
99457,271
49187,101
80867,193
82877,179
55687,233
42277,67
49373,97
90061,113
74339,79
99157,229
26869,97
65017,79
45803,163
81593,139
81791,89
40379,149
63083,199
66839,89
94973,73
95023,167
90029,197
89077,281
95951,229
26549,139
20803,71
85249,163
46169,137
57833,151
83183,193
27257,97
27679,89
70349,103
20737,89
52993,197
52061,79
11881,109
72419,139
76033,139
82343,67
29857,73
68269,233
66299,167
68401,73
50689,173
10147,73
59623,109
84023,73
87067,83
27383,139
46513,193
46973,107
16199,97
46609,127
34823,97
86167,199
43157,103
19667,71
68923,157
82661,131
20569,67
66277,191
77089,127
20567,131
45257,167
88703,107
50737,113
81241,137
88373,67
38761,83
27971,83
10519,67
41473,67
44431,157
83323,97
15553,103
8137,79
28421,97
35143,113
53519,109
59321,137
93367,73
91589,67
89359,193
71639,71
99443,277
22201,149
65249,71
97351,67
24743,109
55753,127
89081,229
96559,223
81407,127
60751,79
69451,199
10877,73
53803,173
82703,191
37669,139
50719,67
20701,127
88063,83
80413,97
39673,97
97403,257
34091,73
73187,163
39917,179
93571,137
62963,79
86699,181
36557,139
88147,181
97319,307
91601,139
92303,241
68143,83
21293,107
94103,139
51253,107
48067,71
54731,229
70757,173
47029,131
18871,113
71221,67
19511,109
99919,163
92999,113
29719,113
6241,79
13289,97
46561,101
99461,79
62857,239
93661,229
61307,101
47263,151
33401,127
69731,103
61267,197
93707,83
23393,149
72851,263
93259,179
97483,71
56851,139
47603,181
63491,173
98159,103
68303,167
13667,79
72563,149
77921,67
68941,71
62707,73
20437,107
30179,103
35947,103
86327,173
62977,71
24511,127
52909,157
8881,83
20687,137
35369,113
24617,103
80723,89
29747,151
53369,83
42547,157
99221,313
62291,167
74303,67
44147,131
55553,73
77179,113
43213,79
92527,67
39449,103
92471,89
77411,199
25979,83
99811,151
69913,151
71441,199
84451,79
62107,173
7169,67
83647,233
52093,113
75077,193
33127,157
89183,101
63101,89
78601,83
99653,227
63433,229
37469,89
95839,239
15247,79
51049,71
64459,73
76273,89
34861,71
37267,83
36991,71
53671,191
38243,167
17593,73
39889,113
18091,79
42529,71
24883,149
9047,83
15343,67
57583,89
44377,199
64321,131
83129,97
76457,101
79061,173
31463,73
46847,79
85693,67
77393,193
36811,131
40259,127
53953,163
87089,73
39211,113
46001,157
69361,139
40211,79
81061,103
22523,101
36359,103
52823,101
95237,131
70591,73
73153,191
15049,101
57517,113
85003,167
96403,149
88577,101
93677,113
33389,173
87287,191
30959,83
96427,211
41303,103
92629,211
58033,131
51019,163
62941,113
54589,79
70087,109
66019,107
79789,73
33463,109
83779,199
86407,71
67997,97
60391,131
34103,67
23183,97
19099,71
93593,173
96869,157
99683,83
97477,107
89549,149
7519,73
77629,149
29177,163
45901,197
9167,89
10403,101
24307,109
23861,107
27323,89
46547,89
93839,107
92329,127
56759,211
52001,149
80813,211
74033,101
35249,101
43847,163
51967,157
66421,127
78359,127
84703,71
59867,131
49447,197
84823,271
96409,229
71977,167
20711,139
86557,101
39547,71
55417,151
55151,131
67313,83
31373,137
83197,271
9727,71
43423,173
67637,239
26599,67
62879,227
26167,137
44719,197
79127,67
92117,251
20777,79
42733,151
7313,71
80551,109
17399,127
73781,89
44861,113
66799,67
26149,79
87137,79
27263,137
68569,191
78473,97
23129,101
67471,109
82573,71
17767,109
48901,79
27619,71
67373,89
41623,107
76807,89
89251,149
84937,157
23377,97
20413,137
42827,113
91657,151
70613,241
47669,73
64963,167
55723,103
14659,107
51983,227
53297,223
74467,113
30281,107
38897,97
70597,227
88639,137
30743,71
79003,199
16789,103
83693,127
48403,97
81863,71
31951,89
65333,79
15721,79
98093,233
64117,97
24931,107
44903,83
41207,89
67663,71
50059,113
22879,137
42479,107
78073,101
66289,151
33361,73
71101,97
47261,167
84587,251
75953,151
17557,97
82091,103
7303,67
68273,67
25009,89
83729,101
17513,83
36103,79
37673,101
40891,103
29929,173
15347,103
66151,83
69551,157
94769,97
69169,263
72829,67
39421,79
59947,151
68021,251
69917,139
40349,157
57151,67
62329,157
43409,83
45173,199
93451,113
93547,139
62177,97
52007,131
21209,127
27857,89
66893,151
80659,79
70747,263
81337,163
19673,103
75863,107
35953,157
48689,181
83371,263
98237,193
44521,211
34577,71
13843,109
73537,151
87979,97
86791,229
51587,79
94697,281
36401,89
67877,103
68309,83
68407,67
94249,307
79049,137
68363,137
92819,101
37979,163
80999,107
97099,89
74513,269
36977,103
90667,71
91549,83
99361,67
20819,109
73919,193
20303,79
77657,79
78431,107
50629,197
45299,97
31861,151
46931,71
68807,83
58819,131
38191,181
77677,173
67721,241
34093,103
88679,71
96923,103
88433,191
18881,79
66013,251
36349,163
80099,173
42037,127
73033,199
82081,79
16799,107
80827,131
68513,131
50399,101
36287,131
23449,131
97723,79
53321,71
13987,71
34427,173
83593,179
96871,73
30083,67
21631,97
57887,107
86897,113
55189,229
43657,149
26311,83
97969,313
89801,89
78899,257
73217,211
96841,113
84281,271
46793,73
51143,199
49813,109
51113,79
33499,139
59701,227
47503,67
40553,107
57419,67
87599,251
50537,97
30731,79
17063,113
75241,67
68249,139
88091,137
69469,127
80117,113
37211,127
15931,89
77117,67
99329,71
53059,97
78343,157
74807,239
87569,67
48743,79
29143,151
84001,167
58307,199
65363,163
37291,89
46009,139
49061,71
70531,251
10117,67
51269,167
86063,89
72071,97
37249,193
22487,113
64541,233
98677,101
40567,113
41707,179
13589,107
54937,137
26219,157
79643,73
62357,127
10981,79
42671,71
84727,193
22873,89
69229,107
71749,157
78469,131
44323,127
78077,163
78383,103
81391,199
68911,137
91027,227
29459,89
9271,73
71857,181
98431,257
12319,97
43349,67
65291,109
43243,83
36419,79
9983,67
93991,193
77851,127
55493,211
8777,67
45593,127
89179,257
65567,173
79799,199
77183,79
59153,149
43081,67
73159,149
81089,131
88727,83
93167,151
21079,107
86189,79
35621,179
64711,163
60323,179
63163,83
85039,277
59911,181
43751,67
56723,131
71377,137
94037,271
14317,103
18643,103
97913,179
96949,67
30619,67
51937,167
64769,239
29467,79
66901,149
60551,151
49771,71
28801,83
85783,109
75301,257
64159,83
48151,179
94607,89
51757,73
33101,79
47231,73
37067,101
49403,127
57451,73
90653,269
60043,97
13193,79
95411,73
96809,131
59291,211
66023,103
86747,223
78457,67
19109,97
95113,227
52537,107
16999,89
64913,139
81607,79
74491,163
79529,67
38179,73
19519,131
59027,67
47759,163
68657,71
61279,233
65959,71
35209,137
57469,101
20497,103
93433,233
16157,107
84277,71
30461,83
21733,103
69077,67
22199,79
45113,197
66397,67
48253,73
59461,97
82993,149
79523,281
96721,311
77453,73
83381,199
57599,239
79931,67
66667,163
73111,113
86417,103
46357,151
48791,97
76121,163
98557,67
32339,73
80609,149
21037,109
74983,167
91349,167
47539,137
18769,137
51761,191
63983,109
47783,71
8249,73
48929,113
29273,73
93617,179
61849,127
74693,113
21583,113
64777,211
40753,83
16463,101
27959,73
62957,157
74839,67
17447,73
50927,127
61669,83
85879,157
96241,157
21883,79
62371,97
51523,67
46231,83
75151,223
59161,67
27007,113
55357,197
33227,149
71107,211
46979,109
51703,149
54863,83
41071,67
26791,73
62411,139
21829,83
78563,251
55973,223
79969,211
86497,67
64859,79
46967,67
32639,127
78011,181
53387,197
66259,173
58183,83
32093,67
92977,109
15403,73
50429,211
69631,179
62519,101
63451,107
88489,107
87487,89
62999,73
61097,107
27667,73
31007,101
58873,113
33899,109
43357,191
19043,137
61181,193
51211,83
75799,229
11899,73
90157,89
27707,103
72011,107
55919,199
62693,71
72581,181
96743,89
96571,269
49219,83
98941,163
26329,113
99703,179
93749,241
21311,101
16259,71
34049,79
95861,257
69269,113
85511,233
50861,181
17219,67
71501,127
85651,97
99899,283
58651,89
32629,67
75287,79
86833,71
39269,107
46373,79
76327,127
77381,223
24053,67
15563,79
88909,67
82543,197
29591,127
45313,113
67009,113
85769,199
45109,79
71831,109
39407,157
7031,79
73343,71
76639,173
35183,151
90361,109
19879,103
58801,127
28943,103
50803,101
27161,157
15089,79
47959,199
57509,131
53357,229
68587,107
31897,167
50731,97
49129,73
45583,79
37837,157
82949,109
34087,89
17473,101
27029,151
90719,83
87391,281
75007,107
94909,107
64789,67
94481,107
22081,71
75451,197
18323,73
28531,103
98551,139
7373,73
10033,79
69323,181
83393,89
58649,223
24653,89
53509,73
72349,71
44833,107
55409,67
45301,89
43699,89
98537,211
53393,107
21509,137
85801,239
22849,73
54253,227
94067,109
13837,101
97921,181
93299,79
4891,67
12367,83
15707,113
28967,83
23489,83
58433,71
35689,89
84169,73
29749,71
24347,97
22801,151
58829,89
13199,67
19303,97
55141,67
38021,193
93221,73
26063,67
29321,109
32899,167
14137,67
26483,71
34163,127
77309,97
64507,251
67973,101
88717,79
85739,83
59249,179
88549,73
63991,89
14803,113
59849,97
96529,83
63293,167
54641,101
60787,89
99677,263
37327,163
72487,173
62317,101
77683,131
16241,109
66767,179
78997,197
59099,113
63341,97
20381,89
37733,97
74801,131
48959,173
41917,167
54149,173
13031,83
55379,79
18079,101
48107,73
46339,149
78521,233
17201,103
47953,79
26969,149
26441,137
65621,211
62663,223
62021,109
45571,199
57227,89
39757,83
93343,269
67981,157
89279,73
97639,251
67387,79
49981,151
28757,149
84781,149
71653,79
40991,179
56801,79
51067,223
61739,107
44801,71
27089,103
27413,79
30929,157
76201,181
49591,101
33701,67
74029,181
61021,139
44287,67
22177,67
55669,179
35941,127
57479,229
91937,89
57521,97
97183,157
55007,67
18779,89
68203,241
61499,89
74141,151
10001,73
25957,101
70883,73
76049,113
94187,97
55481,109
29987,157
63787,227
22493,83
31363,79
13067,73
37403,113
35551,73
25787,107
81329,167
66331,113
67097,229
34037,101
92129,181
77669,101
27887,79
32399,179
55183,139
24779,71
86041,139
92711,83
70513,107
45359,67
79897,109
67237,71
31021,67
81979,73
86447,137
99599,137
91607,101
75263,73
84197,269
96617,79
30997,139
87827,71
4489,67
83179,223
54233,193
89197,191
28381,101
75499,103
73987,241
26287,97
73621,83
46939,73
70691,223
45761,67
61577,139
39913,167
44951,79
86759,101
29993,89
42173,181
96359,167
50987,67
23213,139
89951,293
21331,83
79351,73
28877,67
25021,131
97873,97
59677,83
38123,67
52891,227
72791,83
13483,97
56689,83
95647,101
55123,199
61207,97
81427,107
95129,251
97439,139
37001,163
84353,67
32743,137
40837,97
85079,149
85543,131
92201,137
63827,83
18827,67
34121,149
34081,173
14111,103
30883,89
54203,67
57023,127
46259,167
63757,103
55859,83
84367,239
71969,79
37391,139
12403,79
89693,257
69541,197
75589,269
93361,89
37931,83
73357,109
95681,163
28459,149
93673,283
25853,103
97399,173
86657,193
22733,127
50107,89
51529,227
84563,103
62893,109
48863,131
17161,131
45653,71
64517,149
87163,101
24649,157
60119,79
79637,97
16669,79
73081,107
82513,109
71683,97
72593,229
60989,71
40217,131
65473,233
85417,229
53929,199
66007,149
22999,109
38809,197
34943,83
75001,179
81217,241
70871,131
59287,101
17533,89
80741,263
41749,83
26569,163
57121,239
79921,229
99893,191
19153,107
7921,89
17741,113
86701,277
23249,67
47227,83
34711,103
58969,109
88057,173
25397,109
63383,241
93791,71
77599,73
56011,79
51959,223
47477,197
37949,137
51943,127
40727,139
45671,109
85387,103
30167,97
48077,131
52487,73
63143,233
91339,241
75851,101
33109,113
68797,89
82519,179
65321,83
53467,127
20221,73
42233,157
97079,193
57353,83
67729,89
42247,83
72439,107
49111,67
56027,179
94667,137
21691,109
13333,67
87953,281
31313,173
45151,163
71321,73
36019,181
62449,197
29651,149
71033,251
94763,193
51791,67
97781,277
31921,137
83029,79
86591,131
60701,101
39931,73
46243,131
34681,79
13213,73
92137,199
82711,107
92933,199
25063,71
40619,151
89893,241
91451,109
49969,107
49183,137
33659,97
76591,191
12127,67
96119,277
34547,179
87673,73
91787,263
45187,73
73817,97
55543,67
26207,73
66389,197
69743,97
85961,67
93623,251
12193,89
40643,97
39617,173
90767,139
72601,79
38957,163
60079,73
35011,157
78817,269
89933,139
53743,223
48493,71
81271,67
50959,131
97067,113
54199,83
58859,71
78257,139
10057,89
56429,73
43273,109
96307,193
24503,107
82477,67
51397,103
